Insert into departamento(id,version,nombre) values (1,0,"Fisica");
Insert into materia(id,version,nombre,departamento_id) values (5,0,"Fisica I",1)
Insert into catedra(id,version,nombre,materia_id) values (20,0,"Garea",5)
Insert into catedra(id,version,nombre,materia_id) values (21,0,"Echarri",5)
Insert into catedra(id,version,nombre,materia_id) values (22,0,"Corsini",5)

Insert into materia(id,version,nombre,departamento_id) values (6,0,"Fisica II",1)
Insert into catedra(id,version,nombre,materia_id) values (23,0,"Leone",6)
Insert into catedra(id,version,nombre,materia_id) values (24,0,"Abraham",6)

Insert into materia(id,version,nombre,departamento_id) values (7,0,"Fisica III",1)
Insert into catedra(id,version,nombre,materia_id) values (25,0,"Arcondo",7)
Insert into catedra(id,version,nombre,materia_id) values (26,0,"Aguirre",7)



Insert into departamento(id,version,nombre) values (2,0,"Matematica");
Insert into materia(id,version,nombre,departamento_id) values (8,0,"Analisis II",2)
Insert into materia(id,version,nombre,departamento_id) values (9,0,"Algebra II",2)
Insert into materia(id,version,nombre,departamento_id) values (10,0,"Analisis III",2)
Insert into materia(id,version,nombre,departamento_id) values (11,0,"Probabilidad y estadistica",2)


Insert into departamento(id,version,nombre) values (3,0,"Computacion");
Insert into materia(id,version,nombre,departamento_id) values (12,0,"Algoritmos y programacion I",3)
Insert into materia(id,version,nombre,departamento_id) values (13,0,"Algoritmos y programacion II",3)
Insert into materia(id,version,nombre,departamento_id) values (14,0,"Algoritmos y programacion III",3)
Insert into materia(id,version,nombre,departamento_id) values (15,0,"Organizacion de Datos",3)
Insert into materia(id,version,nombre,departamento_id) values (16,0,"Bases de datos",3)

Insert into departamento(id,version,nombre) values (4,0,"Electronica");
Insert into materia(id,version,nombre,departamento_id) values (17,0,"Dispositivos semiconductores",4)
Insert into materia(id,version,nombre,departamento_id) values (18,0,"Estructura del computador",4)
Insert into materia(id,version,nombre,departamento_id) values (19,0,"Laboratorio",4)
